{
  "session": {
    "active": false,
    "started_at_utc": "2026-01-01T09:34:05.283144Z",
    "ended_at_utc": "2026-01-01T09:34:12.382347Z",
    "cone_band": "B",
    "status": "green",
    "notes": "Ended after restart",
    "snapshot": {
      "cone": {
        "band": "B",
        "reason": "Boot default: caution until governance KPIs are green",
        "updated_at_utc": "2026-01-01T09:34:04.909677Z",
        "metrics": {}
      },
      "status": {
        "status": "green",
        "reasons": []
      }
    }
  }
}